Metric,Value
MSE,15488.858172716085
RMSE,124.45424128054489
